,City,Cloudiness,Country,Date,Humidity,Lat,Lng,Max Temp,Wind Speed
0,Sterling,40,US,1561647510,48,39.0,-77.4,90.0,3.18
1,Berlevag,75,NO,1561647511,57,70.86,29.09,50.0,20.8
2,Sao Joao dos Patos,4,BR,1561647511,49,-6.5,-43.7,85.99,10.27
3,Sanda,75,JP,1561647511,94,34.89,135.23,75.2,4.7
4,Saldanha,74,PT,1561647512,39,41.42,-6.55,84.55,10.04
5,Oxapampa,0,PE,1561647512,59,-10.58,-75.4,64.75,3.71
6,Auki,0,NG,1561647512,36,12.18,6.51,92.65,2.1
7,Sao Joao da Barra,0,BR,1561647512,48,-21.64,-41.05,86.0,9.17
8,Bowen,90,AU,1561647513,88,-20.01,148.25,70.0,19.46
9,Zalantun,100,CN,1561647513,88,48.0,122.72,54.31,8.25
10,Carnarvon,0,ZA,1561647246,14,-30.97,22.13,62.95,24.25
11,Ankazoabo,12,MG,1561647513,54,-22.29,44.51,70.69,5.48
12,Petatlan,40,MX,1561647514,78,17.52,-101.27,80.6,1.83
13,Havoysund,75,NO,1561647514,86,71.0,24.66,44.6,20.8
14,Paamiut,97,GL,1561647514,93,61.99,-49.67,39.55,4.99
15,Adrar,0,DZ,1561647514,4,27.87,-0.29,114.8,8.05
16,Saint George,20,GR,1561647515,31,39.45,22.34,93.2,12.75
17,Iskateley,84,RU,1561647515,62,67.68,53.15,59.53,2.82
18,Basco,1,US,1561647515,78,40.33,-91.2,82.0,4.7
19,Koulikoro,75,ML,1561647249,94,12.86,-7.56,69.8,18.34
20,Quixeramobim,82,BR,1561647516,52,-5.2,-39.3,85.45,9.93
21,Tiszanana,40,HU,1561647516,49,47.57,20.53,93.99,13.87
22,Kayes,0,ML,1561647516,19,14.44,-11.44,107.95,10.47
23,Susehri,96,TR,1561647516,94,40.16,38.09,58.63,6.76
24,Moree,0,AU,1561647517,58,-29.46,149.84,57.2,13.87
25,Yeppoon,22,AU,1561647517,72,-23.13,150.74,64.4,9.17
26,Brazzaville,0,CD,1561647517,54,-4.27,15.27,84.2,8.05
27,Sevierville,1,US,1561647464,69,35.87,-83.56,84.0,4.7
28,Carutapera,57,BR,1561647518,70,-1.2,-46.02,85.27,8.55
29,Atar,0,MR,1561647518,8,20.52,-13.05,111.73,14.12
30,Sosva,96,RU,1561647518,59,59.17,61.86,60.79,3.2
31,Malinovka,0,RU,1561647518,76,53.4,87.28,63.85,3.98
32,Homer,1,US,1561647518,93,59.64,-151.54,61.0,7.72
33,Havre-Saint-Pierre,90,CA,1561647519,100,50.23,-63.6,53.6,12.75
34,Port-Cartier,75,CA,1561647519,82,50.03,-66.88,59.0,14.99
35,Jurmala,90,LV,1561647519,72,56.97,23.77,62.6,18.34
36,Sao Filipe,0,CV,1561647520,82,14.9,-24.5,75.01,26.22
37,Mogadishu,20,SO,1561647520,65,2.04,45.34,82.4,14.99
38,Preetz,40,DE,1561647520,67,54.24,10.28,66.2,17.22
39,Labuhan,2,ID,1561647521,91,-2.54,115.51,74.47,1.07
40,Guerrero Negro,4,MX,1561647521,85,27.97,-114.04,63.67,9.75
41,Narsaq,75,GL,1561647521,66,60.91,-46.05,51.8,6.93
42,Talcahuano,75,CL,1561647522,100,-36.72,-73.12,50.0,6.93
43,Cabo San Lucas,5,MX,1561647405,30,22.89,-109.91,89.01,4.81
44,Mazyr,16,BY,1561647522,73,52.05,29.27,70.15,18.45
45,Pangody,70,RU,1561647522,58,65.85,74.49,50.71,13.33
46,Cherskiy,100,RU,1561647522,52,68.75,161.3,47.83,12.12
47,Tilichiki,100,RU,1561647523,95,60.47,166.1,42.97,1.1
48,Mentakab,54,MY,1561647523,90,3.49,102.35,75.73,1.14
49,Panguna,75,PG,1561647523,73,-6.32,155.48,82.21,5.93
50,Mangochi,1,MW,1561647523,44,-14.48,35.26,69.97,5.93
51,Vadinsk,100,RU,1561647524,84,53.69,43.04,63.31,5.97
52,Karasburg,0,NA,1561647524,12,-28.01,18.75,70.51,19.51
53,Vila,0,IT,1561647524,50,45.18,8.4,102.99,9.17
54,Flinders,5,AU,1561647525,100,-34.58,150.85,54.0,5.82
55,Skvyra,100,UA,1561647525,78,49.73,29.66,74.29,17.34
56,Chara,20,GR,1561647525,31,39.42,22.43,93.2,12.75
57,Tiarei,28,PF,1561647525,83,-17.53,-149.33,75.2,2.24
58,Wenatchee,1,US,1561647526,87,47.42,-120.31,59.0,8.05
59,Santa Isabel do Rio Negro,58,BR,1561647526,78,-0.41,-65.02,81.85,5.77
60,Sisimiut,0,GL,1561647526,84,66.94,-53.67,36.85,29.06
61,Prince Rupert,90,CA,1561647526,100,54.32,-130.32,53.6,2.71
62,Luancheng,0,CN,1561647527,42,37.88,114.65,86.0,4.47
63,Ayan,63,IR,1561647527,50,38.23,44.7,67.09,5.79
64,Darab,96,IR,1561647527,17,28.75,54.55,89.05,6.98
65,Yangambi,100,CD,1561647527,93,0.77,24.47,71.05,3.78
66,Traismauer,20,AT,1561647528,45,48.35,15.74,91.99,13.87
67,Bongandanga,100,CD,1561647528,98,1.51,21.07,69.97,2.59
68,San Vicente,40,EC,1561647528,83,-0.59,-80.41,75.2,11.41
69,Sovetskiy,31,RU,1561647529,71,56.76,48.47,57.01,7.38
70,Alihe,33,CN,1561647529,94,50.57,123.73,48.37,0.56
71,Ilulissat,75,GL,1561647529,65,69.22,-51.1,41.0,5.82
72,Ocean City,1,US,1561647230,51,30.44,-86.61,89.01,4.7
73,San Ignacio,94,PE,1561647529,92,-5.15,-79.0,61.51,0.98
74,Pahrump,1,US,1561647530,15,36.21,-115.98,82.99,4.7
75,Chokurdakh,0,RU,1561647530,55,70.62,147.9,46.03,11.07
76,Mitrofanovka,64,RU,1561647530,54,49.97,39.69,77.89,9.6
77,Santa Rosa,100,AR,1561647488,32,-36.62,-64.29,53.59,12.01
78,Zhigansk,64,RU,1561647531,48,66.77,123.37,66.19,3.29
79,Letpadan,100,MM,1561647531,83,17.78,95.75,80.41,12.21
80,Sao Gabriel da Cachoeira,40,BR,1561647531,78,-0.13,-67.09,82.4,11.41
81,Torbay,40,CA,1561647532,51,47.66,-52.73,66.0,6.93
82,Vostok,100,RU,1561647532,98,46.45,135.83,50.35,3.2
83,Searcy,1,US,1561647532,78,35.25,-91.74,84.99,2.26
84,Halifax,90,CA,1561647340,82,44.65,-63.58,61.0,10.29
85,Hilo,90,US,1561647075,88,19.71,-155.08,73.4,8.05
86,Banda Aceh,29,ID,1561647252,75,5.56,95.32,84.55,13.2
87,Ulaangom,76,MN,1561647533,36,49.98,92.07,66.37,6.82
88,Asadabad,20,IR,1561647533,14,34.78,48.12,95.0,6.93
89,Havelock,1,US,1561647360,40,34.88,-76.9,91.0,3.53
90,Teguldet,12,RU,1561647534,64,57.31,88.17,69.25,4.92
91,Bluff,0,AU,1561647534,80,-23.58,149.07,59.53,19.48
92,Lavrentiya,100,RU,1561647534,97,65.58,-170.99,46.03,5.7
93,Biak,100,ID,1561647534,97,-0.91,122.88,65.11,4.59
94,Sungaipenuh,80,ID,1561647535,96,-2.08,101.38,72.85,2.75
95,Ponta do Sol,29,BR,1561647535,44,-20.63,-46.0,76.27,6.17
96,Vila Velha,20,BR,1561647535,58,-3.71,-38.6,87.8,21.92
97,Lubango,0,AO,1561647355,37,-14.92,13.49,75.2,11.41
98,Tena,75,EC,1561647237,100,-0.99,-77.82,75.2,2.24
99,Katsuura,75,JP,1561647536,100,33.93,134.5,75.2,6.93
100,Port Alfred,0,ZA,1561647536,77,-33.59,26.89,62.01,1.01
101,Shakawe,0,BW,1561647536,18,-18.36,21.84,80.23,5.53
102,Severo-Kurilsk,100,RU,1561647536,95,50.68,156.12,40.27,10.2
103,Makungu,52,TZ,1561647537,63,-8.74,35.29,62.77,7.11
104,Sanming,0,CN,1561647537,89,26.24,117.6,74.11,1.88
105,Sanford,90,US,1561647537,93,43.44,-70.77,73.4,3.06
106,Brownsville,40,US,1561647538,74,25.91,-97.49,87.01,9.17
107,Awbari,54,LY,1561647538,9,26.59,12.77,103.09,10.07
108,Gizo,0,IL,1561647538,51,31.8,34.94,87.01,12.75
109,Kapaa,75,US,1561647538,88,22.08,-159.32,78.8,13.87
110,Maldonado,0,UY,1561647539,57,-34.91,-54.96,50.0,6.93
111,Saint-Leu,90,RE,1561647539,78,-21.15,55.28,73.4,20.8
112,Reconquista,0,AR,1561647539,57,-29.14,-59.64,56.47,9.26
113,San Patricio,0,PY,1561647539,70,-26.98,-56.83,62.59,7.2
114,Bac,0,RS,1561647540,49,45.39,19.24,93.99,10.29
115,Dickinson,1,US,1561647378,82,46.88,-102.79,72.0,8.12
116,Nayoro,100,JP,1561647540,97,44.36,142.46,50.53,4.36
117,Khani,75,GE,1561647540,70,41.96,42.96,84.2,17.22
118,Aktau,0,KZ,1561647540,39,43.65,51.16,84.2,13.42
119,Bosaso,52,SO,1561647541,71,11.28,49.18,88.15,6.29
120,Belokurikha,0,RU,1561647541,82,52.0,84.99,63.13,4.29
121,Geghamasar,75,AM,1561647541,86,40.31,45.68,60.97,4.81
122,Kautokeino,88,NO,1561647541,60,69.01,23.04,45.85,31.56
123,Kysucke Nove Mesto,20,SK,1561647542,32,49.3,18.78,84.99,10.29
124,Oranjestad,40,AW,1561647542,70,12.52,-70.03,86.0,20.8
125,Springfield,1,US,1561647440,83,37.22,-93.29,82.0,3.36
126,Khorinsk,100,RU,1561647542,91,52.16,109.78,50.71,6.58
127,Ada,6,US,1561647380,78,34.77,-96.68,80.01,8.05
128,Gejiu,100,CN,1561647543,94,23.36,103.16,65.47,5.97
129,Kamenskiy,99,RU,1561647543,62,50.89,45.49,70.51,6.17
130,Sao Felix do Xingu,0,BR,1561647543,42,-6.64,-51.99,89.23,6.62
131,Erie,1,US,1561647439,54,42.13,-80.09,82.0,3.36
132,Matara,100,BI,1561647543,87,-3.48,29.48,56.65,3.53
133,Prachuap Khiri Khan,100,TH,1561647544,95,11.81,99.79,73.03,7.99
134,Codrington,90,AU,1561647544,100,-28.95,153.24,59.0,4.7
135,Jawa,89,ID,1561647544,83,5.32,95.93,75.01,2.73
136,Geraldton,20,CA,1561647545,64,49.72,-86.95,69.8,5.82
137,Rozhyshche,36,UA,1561647545,72,50.92,25.27,71.23,16.69
138,Dingle,100,PH,1561647545,82,11.0,122.67,76.63,5.19
139,Leningradskiy,100,RU,1561647545,98,69.38,178.42,33.07,5.06
140,Namatanai,61,PG,1561647546,82,-3.66,152.44,78.97,9.64
141,Katobu,0,ID,1561647546,83,-4.94,122.53,71.95,5.64
142,Karia,72,NG,1561647546,32,11.73,11.16,94.63,6.04
143,Shahreza,68,IR,1561647547,11,32.01,51.87,87.79,12.91
144,New Norfolk,0,AU,1561647547,62,-42.78,147.06,57.0,10.29
145,Manono,25,CD,1561647547,21,-7.3,27.4,91.21,6.62
146,Shimoda,100,JP,1561647547,96,34.7,138.93,75.0,5.01
147,Barinas,73,VE,1561647547,56,8.64,-70.23,85.45,6.71
148,Bandarbeyla,85,SO,1561647548,40,9.49,50.81,89.59,24.56
149,Dharchula,79,IN,1561647548,68,29.85,80.53,55.21,9.13
150,Azle,75,US,1561647548,74,32.9,-97.55,82.0,12.75
151,Cidreira,0,BR,1561647549,64,-30.17,-50.22,61.51,10.58
152,Mehamn,75,NO,1561647549,57,71.03,27.85,50.0,20.8
153,Upernavik,92,GL,1561647549,84,72.79,-56.15,33.25,6.69
154,Poum,40,MK,1561647549,51,41.28,20.71,80.6,6.93
155,Concordia,0,AR,1561647354,58,-31.4,-58.02,54.0,9.17
156,Kushnarenkovo,100,RU,1561647550,52,55.11,55.34,66.0,4.0
157,Saint-Philippe,1,CA,1561647550,64,45.36,-73.48,78.01,5.82
158,Harper,75,US,1561647551,74,30.3,-99.24,81.0,6.93
159,Iqaluit,20,CA,1561647551,71,63.75,-68.52,50.0,5.82
160,Marawi,100,PH,1561647551,87,8.0,124.29,81.0,4.0
161,Marsa Matruh,20,EG,1561647551,74,31.35,27.25,82.4,13.87
162,Foumban,100,CM,1561647551,87,5.73,10.9,70.51,2.71
163,Seymour,0,US,1561647552,74,33.59,-99.26,82.0,10.0
164,Grindavik,90,IS,1561647552,100,63.84,-22.43,62.6,23.04
165,Lososina,83,RU,1561647552,73,49.0,140.31,45.49,3.8
166,Freeport,40,BS,1561647553,70,26.54,-78.7,86.0,9.17
167,Areosa,20,PT,1561647553,77,41.72,-8.86,75.99,8.05
168,West Wendover,1,US,1561647428,32,40.74,-114.07,66.2,3.36
169,Puerto Ayora,90,EC,1561647553,88,-0.74,-90.35,73.4,16.11
170,Manglaur,20,IN,1561647554,43,29.79,77.88,91.4,4.7
171,Barrow,100,AR,1561647554,51,-38.31,-60.23,48.37,24.02
172,Baturaja,98,ID,1561647554,97,-4.12,104.17,72.85,2.86
173,Belmonte,20,PT,1561647554,49,40.36,-7.35,75.99,6.64
174,Kathu,0,ZA,1561647555,35,-27.7,23.05,68.0,15.75
175,Dobryanka,0,RU,1561647555,59,58.45,56.42,64.4,11.18
176,Sola,100,TZ,1561647555,48,-3.17,33.8,76.99,4.05
177,Pandaria,50,IN,1561647556,69,22.22,81.41,81.67,3.15
178,Williams Lake,90,CA,1561647556,93,52.13,-122.14,48.2,5.82
179,Petropavlovsk-Kamchatskiy,75,RU,1561647556,93,53.05,158.65,46.4,4.47
180,Fairbanks,40,US,1561647553,66,64.84,-147.72,61.0,5.82
181,Celestun,71,MX,1561647556,73,20.87,-90.4,81.13,8.37
182,Santa Lucia,0,IT,1561647557,30,41.98,12.66,100.99,13.87
183,Chuy,0,UY,1561647557,62,-33.69,-53.46,52.33,9.26
184,Alofi,4,NU,1561647557,88,-19.06,-169.92,71.6,8.05
185,Yellowknife,20,CA,1561647558,53,62.45,-114.38,51.8,10.29
186,La Ronge,40,CA,1561647558,72,55.1,-105.3,59.0,6.93
187,Lazaro Cardenas,75,MX,1561647558,41,28.39,-105.62,84.99,4.7
188,Novogornyy,75,RU,1561647558,72,55.63,60.79,59.0,6.71
189,Pirapora,0,BR,1561647559,40,-17.35,-44.95,83.29,7.92
190,Jiexiu,100,CN,1561647559,78,37.02,111.92,65.11,1.74
191,Maningrida,26,AU,1561647559,83,-12.05,134.23,65.11,7.45
192,Lieksa,100,FI,1561647559,95,63.32,30.02,54.49,1.21
193,Thompson,40,CA,1561647320,72,55.74,-97.86,59.0,4.7
194,Muroto,100,JP,1561647560,96,33.37,134.14,70.33,2.42
195,Mayahi,63,NE,1561647560,25,13.95,7.67,97.51,4.52
196,Kampong Thum,99,KH,1561647343,75,12.71,104.89,82.21,3.09
197,Acapulco,75,MX,1561647560,83,16.86,-99.88,84.2,2.95
198,Jimenez,74,PA,1561647561,70,8.54,-82.37,82.57,5.95
199,Vuktyl,97,RU,1561647561,39,63.86,57.31,64.93,2.64
200,Mayo,20,CA,1561647562,37,63.59,-135.9,51.8,4.7
201,Karla,40,EE,1561647562,77,59.37,24.93,64.99,8.05
202,Hatillo,75,PR,1561647562,74,18.49,-66.83,87.01,14.99
203,Paidha,80,UG,1561647562,93,2.42,30.99,70.87,0.72
204,Kitimat,40,CA,1561647563,82,54.02,-128.69,59.0,2.24
205,Sao Miguel do Araguaia,0,BR,1561647563,24,-13.28,-50.16,92.83,7.61
206,Soldotna,1,US,1561647267,87,60.48,-151.07,54.0,7.0
207,Shafter,1,US,1561647563,55,35.5,-119.27,66.0,5.82
208,Toropets,100,RU,1561647563,97,56.5,31.64,58.99,7.81
209,Lompoc,90,US,1561647325,93,34.64,-120.46,57.99,3.36
210,Butaritari,37,KI,1561647564,76,3.07,172.79,83.11,12.01
211,Mataura,83,NZ,1561647564,91,-46.19,168.86,44.01,4.0
212,Zaysan,100,KZ,1561647565,44,47.47,84.87,62.23,4.59
213,Syava,1,RU,1561647565,53,58.01,46.32,63.67,6.4
214,Nanortalik,100,GL,1561647566,94,60.14,-45.24,39.37,8.61
215,Port Augusta,0,AU,1561647566,59,-32.49,137.76,60.8,10.29
216,Maymyo,40,MM,1561647348,62,22.03,96.47,89.6,11.41
217,Jalu,0,LY,1561647566,20,29.03,21.55,97.51,12.35
218,Zheleznodorozhnyy,75,RU,1561647566,87,55.75,38.0,59.0,15.66
219,Kalmunai,92,LK,1561647567,66,7.42,81.82,82.03,5.28
220,Avera,1,US,1561647567,65,33.19,-82.53,86.0,6.93
221,Ariquemes,46,BR,1561647567,53,-9.91,-63.03,87.25,4.18
222,Yumen,46,CN,1561647568,27,40.29,97.04,73.75,14.12
223,Kondinskoye,97,RU,1561647568,60,59.65,67.41,56.83,4.0
224,Vacaville,1,US,1561647568,87,38.36,-121.99,62.01,3.31
225,Shimanovsk,100,RU,1561647568,79,52.0,127.67,57.91,2.13
226,Brodokalmak,75,RU,1561647569,72,55.57,62.07,59.0,6.71
227,Boralday,40,KZ,1561647569,42,43.36,76.86,80.6,4.47
228,Mayma,0,RU,1561647569,86,52.0,85.9,62.05,4.0
229,Garowe,65,SO,1561647570,36,8.41,48.48,88.69,22.88
230,Roald,75,NO,1561647570,87,62.58,6.12,57.0,10.29
231,Namibe,0,AO,1561647570,79,-15.19,12.15,66.55,13.04
232,Bethel,75,US,1561647570,93,60.79,-161.76,57.2,6.93
233,Nevelsk,40,RU,1561647570,114,46.67,141.86,42.8,7.96
234,Waconia,90,US,1561647571,69,44.85,-93.79,73.99,9.17
235,Hithadhoo,100,MV,1561647571,71,-0.6,73.08,83.83,6.4
236,Jamestown,0,AU,1561647571,65,-33.21,138.6,56.83,12.53
237,Elizabeth City,1,US,1561647545,54,36.3,-76.22,89.6,6.93
238,Do Gonbadan,0,IR,1561647572,10,30.36,50.8,105.8,11.41
239,Kuchera,38,IN,1561647572,26,26.99,73.97,101.83,14.23
240,Alekseyevsk,2,RU,1561647572,47,57.84,108.35,67.99,8.63
241,Constitucion,5,MX,1561647572,63,23.99,-104.67,70.0,2.24
242,Tuktoyaktuk,90,CA,1561647573,86,69.44,-133.03,37.4,2.24
243,Ahipara,0,NZ,1561647573,77,-35.17,173.16,57.19,11.05
244,Manokwari,91,ID,1561647573,81,-0.87,134.08,73.57,2.84
245,Aklavik,75,CA,1561647573,57,68.22,-135.01,48.2,3.36
246,Maniitsoq,0,GL,1561647574,75,65.42,-52.9,44.95,12.93
247,Bilma,10,NE,1561647574,9,18.69,12.92,105.43,4.43
248,Baringo,98,KE,1561647574,75,0.47,35.97,64.39,3.91
249,Swan River,0,CA,1561647575,56,52.11,-101.27,66.01,4.45
250,Pangnirtung,5,CA,1561647575,57,66.15,-65.72,48.2,12.75
251,Port Lincoln,67,AU,1561647575,61,-34.72,135.86,62.95,27.18
252,Tanabe,100,JP,1561647576,89,33.73,135.39,73.75,9.04
253,Anadyr,75,RU,1561647576,93,64.73,177.51,46.4,15.66
254,Akropong,91,GH,1561647576,88,5.97,-0.09,78.25,6.51
255,Nikolskoye,90,RU,1561647577,67,59.7,30.79,66.99,6.71
256,Beloha,49,MG,1561647577,77,-25.17,45.06,70.51,14.56
257,Impfondo,74,CD,1561647577,53,1.62,18.06,87.61,0.69
258,Hambantota,20,LK,1561647577,88,6.12,81.12,82.4,12.75
259,Pacific Grove,1,US,1561647578,77,36.62,-121.92,62.01,8.7
260,Atuona,21,PF,1561647578,77,-9.8,-139.03,80.23,19.1
261,Denpasar,20,ID,1561647371,69,-8.65,115.22,78.8,9.17
262,Uramita,37,CO,1561647578,66,6.9,-76.17,82.93,2.93
263,Ambon,0,FR,1561647518,62,47.55,-2.56,96.8,10.29
264,Markapur,30,IN,1561647579,65,15.74,79.27,83.11,7.54
265,Naryan-Mar,84,RU,1561647579,62,67.67,53.09,59.53,2.82
266,Sanary-sur-Mer,0,FR,1561647579,38,43.12,5.8,100.99,11.41
267,Tomohon,100,ID,1561647579,75,1.33,124.84,82.03,5.21
268,Ribeira Grande,20,PT,1561647580,49,38.52,-28.7,71.6,14.99
269,Omboue,27,GA,1561647580,79,-1.57,9.26,75.01,15.12
270,Deputatskiy,4,RU,1561647580,42,69.3,139.9,55.03,2.73
271,Tiksi,100,RU,1561647580,75,71.64,128.87,49.81,11.7
272,Tianpeng,63,CN,1561647581,89,28.88,112.34,80.59,6.13
273,Tarsus,20,TR,1561647422,66,36.92,34.88,90.0,10.29
274,Angoche,6,MZ,1561647581,83,-16.23,39.91,68.35,4.81
275,Jaisalmer,79,IN,1561647581,21,26.91,70.91,106.15,11.86
276,Hobart,0,AU,1561647581,62,-42.88,147.33,57.0,10.29
277,Alvaraes,40,BR,1561647582,78,-3.22,-64.8,82.4,5.82
278,Victoria,90,BN,1561647582,88,5.28,115.24,78.8,3.36
279,Pangkalanbuun,77,ID,1561647582,98,-2.68,111.62,73.39,2.53
280,Bathsheba,20,BB,1561647582,58,13.22,-59.52,86.0,24.16
281,Orange Cove,1,US,1561647582,63,36.62,-119.31,66.0,9.17
282,Husavik,38,CA,1561647583,47,50.56,-96.99,71.01,5.01
283,Gbarnga,93,LR,1561647583,61,7.0,-9.47,86.71,3.85
284,Ishigaki,0,JP,1561647583,84,24.34,124.16,83.47,19.48
285,Tanout,13,NE,1561647583,20,14.97,8.88,98.77,2.13
286,Ambilobe,11,MG,1561647584,82,-13.19,49.05,74.29,3.83
287,Sorland,40,NO,1561647584,76,67.67,12.69,50.0,18.34
288,Novoagansk,100,RU,1561647584,79,61.94,76.66,50.17,13.11
289,Dongli,20,CN,1561647585,83,24.18,117.61,84.2,8.95
290,Portland,90,US,1561647337,93,43.66,-70.25,69.01,3.42
291,Qaqortoq,75,GL,1561647585,66,60.72,-46.03,51.8,6.93
292,Paldiski,40,EE,1561647585,77,59.35,24.08,68.0,8.05
293,Punta Arenas,20,CL,1561647585,68,-53.16,-70.91,28.4,12.75
294,Goderich,0,CA,1561647586,59,43.74,-81.71,79.0,3.0
295,Hofn,90,IS,1561647586,87,64.25,-15.21,53.6,4.7
296,Warud,100,IN,1561647586,62,21.47,78.27,85.45,5.73
297,Puerto del Rosario,20,ES,1561647587,64,28.5,-13.86,80.6,16.11
298,Muncar,63,ID,1561647587,87,-8.43,114.34,69.25,2.37
299,Dedenevo,75,RU,1561647587,100,56.24,37.52,55.4,15.66
300,Mirabad,0,IR,1561647587,8,28.27,61.33,80.23,11.48
301,Baracoa,100,CU,1561647587,79,20.35,-74.5,82.21,13.11
302,Touros,28,BR,1561647588,80,-5.2,-35.46,81.13,21.47
303,Arandis,4,NA,1561647588,79,-22.42,14.98,60.01,1.99
304,Antalaha,36,MG,1561647588,91,-14.9,50.28,66.55,3.91
305,Bambous Virieux,40,MU,1561647589,78,-20.34,57.76,73.4,9.17
306,Newport,40,US,1561647345,73,41.49,-71.31,80.01,4.7
307,Bara,40,NG,1561647589,54,10.41,10.6,87.61,10.96
308,Kahului,1,US,1561647435,73,20.89,-156.47,72.0,4.7
309,Byron Bay,90,AU,1561647590,100,-28.65,153.62,59.0,4.7
310,Jining,100,CN,1561647590,52,35.41,116.58,82.75,7.96
311,Aspe,0,ES,1561647471,40,38.35,-0.77,93.99,23.04
312,Mattru,100,SL,1561647590,74,7.62,-11.83,82.93,8.3
313,Sidrolandia,75,BR,1561647590,88,-20.93,-54.96,69.8,12.75
314,Litovko,100,RU,1561647591,71,49.24,135.18,52.87,5.66
315,Honiara,75,SB,1561647591,94,-9.43,159.96,75.2,0.74
316,Tamandare,100,BR,1561647591,97,-8.28,-70.75,71.23,3.96
317,Cape Town,20,ZA,1561647591,72,-33.93,18.42,60.01,26.4
318,Cubuk,40,TR,1561647592,25,40.24,33.03,89.6,5.82
319,Giyani,0,ZA,1561647592,42,-23.32,30.73,69.61,3.56
320,Pecos,1,US,1561647592,61,31.42,-103.49,78.8,14.99
321,Zaragoza,0,SV,1561647350,55,13.59,-89.29,87.8,8.05
322,Lorengau,99,PG,1561647592,82,-2.02,147.27,80.23,7.49
323,Ostersund,40,SE,1561647512,54,63.18,14.64,55.4,24.16
324,Saint Anthony,1,US,1561647593,36,43.97,-111.68,64.99,14.99
325,Nishihara,75,JP,1561647593,88,35.74,139.53,80.01,21.92
326,Winnemucca,1,US,1561647593,61,40.97,-117.74,59.0,4.7
327,Klyuchi,24,RU,1561647594,66,52.25,79.17,67.81,18.72
328,Broome,20,GB,1561647594,72,52.47,1.45,68.0,13.87
329,Plaster Rock,90,CA,1561647594,87,46.91,-67.4,59.0,8.05
330,Rikitea,100,PF,1561647594,84,-23.12,-134.97,73.93,15.39
331,Inuvik,75,CA,1561647595,75,68.36,-133.71,48.2,2.24
332,Rawson,0,AR,1561647595,51,-43.3,-65.11,47.47,9.31
333,Kimbe,88,PG,1561647595,93,-5.56,150.15,74.29,4.36
334,Port Hardy,90,CA,1561647595,93,50.7,-127.42,51.8,4.7
335,Ust-Uda,9,RU,1561647595,93,54.17,103.03,55.39,3.0
336,Tam Ky,20,VN,1561647596,59,15.57,108.48,89.6,5.82
337,Egvekinot,100,RU,1561647596,94,66.32,-179.17,42.97,4.23
338,Mugur-Aksy,93,RU,1561647597,76,50.38,90.44,44.05,3.29
339,Ust-Kut,18,RU,1561647597,56,56.78,105.75,63.67,5.46
340,Mount Gambier,35,AU,1561647597,54,-37.83,140.78,59.0,19.46
341,Soyo,20,AO,1561647597,57,-6.13,12.37,80.6,9.17
342,Marzuq,63,YE,1561647598,10,14.4,46.47,95.71,20.15
343,Brae,70,GB,1561647598,87,60.4,-1.35,53.6,14.99
344,Lata,82,IN,1561647598,78,30.78,78.62,44.05,2.98
345,Lasa,0,CY,1561647599,74,34.92,32.53,84.2,13.87
346,Lebu,40,ET,1561647599,64,8.96,38.73,68.0,11.41
347,Anloga,78,GH,1561647599,75,5.79,0.9,80.95,14.54
348,Pisco,90,PE,1561647599,30,-13.71,-76.2,71.6,5.82
349,Kaeo,21,NZ,1561647600,95,-35.1,173.78,48.0,5.99
350,Saint-Augustin,20,CA,1561647600,78,45.63,-73.98,81.0,8.05
351,Kamaishi,100,JP,1561647600,99,39.28,141.86,60.79,3.33
352,Victor Harbor,0,AU,1561647600,45,-35.55,138.62,64.99,18.34
353,Palana,11,RU,1561647601,76,59.08,159.95,49.27,2.44
354,Sibolga,100,ID,1561647601,65,1.74,98.78,85.09,1.81
355,Tazovskiy,30,RU,1561647601,68,67.47,78.7,44.05,13.38
356,Murgab,0,TM,1561647603,13,37.5,61.97,104.0,4.7
357,Khromtau,64,KZ,1561647604,48,50.26,58.44,66.73,4.72
358,Shenjiamen,62,CN,1561647604,90,29.96,122.3,74.29,7.11
359,Shaowu,27,CN,1561647605,79,27.34,117.49,76.63,2.39
360,Valparaiso,75,US,1561647472,73,41.47,-87.06,81.0,5.82
361,Le Port,20,FR,1561647606,12,42.87,1.37,102.99,9.17
362,Wailuku,1,US,1561647606,73,20.89,-156.51,75.2,4.7
363,Yishui,100,CN,1561647606,75,35.78,118.63,73.93,5.73
364,Faanui,6,PF,1561647607,72,-16.48,-151.75,79.51,3.44
365,Henties Bay,0,NA,1561647607,79,-22.12,14.28,60.01,1.99
366,Araouane,0,ML,1561647607,7,18.9,-3.53,111.37,11.92
367,Adre,2,TD,1561647608,24,13.47,22.2,94.81,5.93
368,Cockburn Town,100,TC,1561647430,76,21.46,-71.14,82.57,15.66
369,Sal,0,SY,1561647608,24,36.63,38.46,97.15,26.04
370,Oussouye,40,SN,1561647608,53,12.49,-16.54,95.0,6.93
371,Cangucu,0,BR,1561647609,62,-31.39,-52.68,55.4,11.41
372,Hasaki,75,JP,1561647609,94,35.73,140.83,77.0,6.93
373,Antofagasta,90,CL,1561647609,76,-23.65,-70.4,69.01,8.05
374,Malumfashi,0,NG,1561647609,38,11.79,7.62,90.85,3.0
375,Salalah,75,OM,1561647476,83,17.01,54.1,84.2,12.75
376,Nizwa,6,OM,1561647486,21,22.93,57.53,95.71,7.9
377,Qaanaaq,100,GL,1561647610,54,77.48,-69.36,38.65,2.01
378,Klichka,81,RU,1561647610,71,50.44,118.0,59.17,9.62
379,Morros,75,BR,1561647610,62,-2.87,-44.04,87.8,11.41
380,Alta Floresta,0,BR,1561647611,51,-9.87,-56.08,86.0,9.17
381,Bolshaya Martynovka,0,RU,1561647611,28,47.27,41.67,85.81,6.22
382,Udachnyy,40,RU,1561647611,60,66.42,112.4,69.8,8.95
383,Boromo,54,BF,1561647611,26,11.74,-2.93,100.39,5.06
384,Nelson Bay,75,AU,1561647612,93,-32.72,152.14,55.0,1.12
385,Kruisfontein,0,ZA,1561647612,33,-34.0,24.73,60.43,3.09
386,Saskylakh,100,RU,1561647612,41,71.97,114.09,55.57,4.05
387,Agadez,1,NE,1561647612,21,16.97,7.99,102.2,3.36
388,Neiafu,40,TO,1561647613,94,-18.65,-173.98,71.6,17.87
389,San Policarpo,100,PH,1561647613,84,12.18,125.51,80.23,3.89
390,Viedma,88,AR,1561647613,41,-40.81,-62.99,54.67,21.3
391,Mulchen,90,CL,1561647403,100,-37.72,-72.23,46.4,8.05
392,Collie,63,AU,1561647613,98,-33.36,116.15,46.0,3.53
393,Kodiak,1,US,1561647614,51,39.95,-94.76,84.99,11.41
394,Mwene-Ditu,35,CD,1561647614,23,-7.01,23.45,88.51,3.22
395,Kapit,100,MY,1561647614,97,2.02,112.94,71.95,2.48
396,Westport,1,US,1561647614,54,41.14,-73.36,88.0,6.93
397,Akcakoca,0,TR,1561647615,54,41.09,31.12,75.55,7.87
398,Guatire,40,VE,1561647615,83,10.47,-66.54,78.01,4.7
399,Esperance,75,AU,1561647615,93,-33.86,121.89,50.0,10.29
400,Castro,90,CL,1561647615,93,-42.48,-73.76,39.2,8.05
401,Darlowo,15,PL,1561647364,51,54.42,16.41,69.01,20.2
402,Yerbogachen,90,RU,1561647616,53,61.28,108.01,66.01,1.54
403,Oistins,20,BB,1561647616,58,13.07,-59.53,86.0,24.16
404,Kanniyakumari,1,IN,1561647536,82,8.08,77.57,82.21,25.28
405,Siniscola,0,IT,1561647616,36,40.57,9.69,91.4,11.41
406,Sabang,100,PH,1561647617,97,13.8,121.11,73.93,3.0
407,Los Llanos de Aridane,75,ES,1561647617,64,28.66,-17.92,75.2,12.75
408,Port Elizabeth,1,US,1561647617,45,39.31,-74.98,89.01,6.93
409,Saint-Francois,0,FR,1561647618,29,46.42,3.91,102.2,5.82
410,Ingham,100,AU,1561647618,91,-18.65,146.16,64.03,1.63
411,Talnakh,75,RU,1561647618,81,69.49,88.39,46.4,2.24
412,Barao de Melgaco,20,BR,1561647618,69,-16.19,-55.97,78.8,4.7
413,Gisborne,9,NZ,1561647619,91,-38.66,178.02,37.0,5.03
414,Abu Samrah,0,SY,1561647619,24,35.3,37.18,92.47,21.63
415,Alekseyevskaya,8,RU,1561647619,33,45.77,40.15,88.69,9.55
416,Coquimbo,0,CL,1561647611,81,-29.95,-71.34,72.0,3.36
417,Dikson,100,RU,1561647619,97,73.51,80.55,34.33,8.43
418,Shelbyville,1,US,1561647583,83,39.41,-88.79,77.0,4.7
419,Makakilo City,40,US,1561647620,100,21.35,-158.09,80.6,3.36
420,Khatanga,100,RU,1561647620,33,71.98,102.47,59.71,11.16
421,Puerto Escondido,75,MX,1561647620,83,15.86,-97.07,80.6,6.93
422,Straumen,75,NO,1561647621,81,63.87,11.3,54.0,18.34
423,Tanete,0,ID,1561647621,77,-3.94,119.78,78.79,11.86
424,Te Anau,83,NZ,1561647621,80,-45.41,167.72,43.51,6.4
425,Porto Novo,75,BR,1561647621,73,-23.68,-45.44,71.6,3.36
426,Corner Brook,20,CA,1561647622,46,48.95,-57.95,69.8,3.36
427,Bolitoc,100,PH,1561647622,80,15.74,119.88,82.21,15.43
428,Vero Beach,40,US,1561647622,62,27.64,-80.4,89.01,6.93
429,Kaitangata,87,NZ,1561647510,80,-46.28,169.85,41.0,1.99
430,Mbandaka,97,CD,1561647623,54,0.05,18.26,86.71,2.48
431,Pevek,100,RU,1561647623,82,69.7,170.27,34.51,24.32
432,Cayenne,75,GF,1561647623,74,4.94,-52.33,84.2,3.36
433,Adeje,100,NG,1561647624,90,5.68,5.76,75.73,8.34
434,Alghero,0,IT,1561647624,49,40.56,8.32,91.4,9.17
435,Haapiti,9,PF,1561647624,83,-17.57,-149.87,75.2,2.24
436,Qasigiannguit,75,GL,1561647624,65,68.82,-51.19,41.0,5.82
437,Mahebourg,40,MU,1561647625,78,-20.41,57.7,73.4,9.17
438,Mumford,100,GH,1561647625,86,5.26,-0.76,78.79,10.22
439,Bilibino,100,RU,1561647625,78,68.06,166.44,42.79,6.62
440,San Francisco,20,CO,1561646811,41,1.17,-76.88,75.2,4.7
441,Maputo,20,MZ,1561647626,60,-25.97,32.57,75.2,14.99
442,Ponnani,40,IN,1561647626,83,10.77,75.93,84.2,5.82
443,Sitka,0,US,1561647626,53,37.17,-99.65,82.75,21.23
444,Ushuaia,75,AR,1561647377,68,-54.81,-68.31,30.2,11.41
445,Faya,40,SA,1561647627,8,18.39,42.45,91.4,11.41
446,Qusar,100,AZ,1561647627,84,41.43,48.44,63.31,8.25
447,Hobyo,4,SO,1561647627,63,5.35,48.53,80.41,30.36
448,Kavieng,100,PG,1561647628,74,-2.57,150.8,84.55,14.38
449,Coihaique,59,CL,1561647628,86,-45.58,-72.07,33.8,1.3
450,Port Moresby,1,PG,1561647628,86,-9.47,147.16,78.61,23.44
451,Tabou,47,CI,1561647628,74,4.42,-7.36,80.77,7.78
452,Chifeng,100,CN,1561647628,67,42.27,118.96,69.07,4.09
453,Narayanpet,95,IN,1561647629,69,16.73,77.5,84.01,16.62
454,Port Hawkesbury,1,CA,1561647629,71,45.62,-61.36,64.0,9.17
455,Souillac,0,FR,1561647629,34,45.6,-0.6,102.99,11.41
456,Wattegama,57,LK,1561647629,84,7.35,80.68,75.37,5.3
457,Airai,3,TL,1561647630,77,-8.93,125.41,66.01,5.97
458,Nemuro,100,JP,1561647630,87,43.32,145.57,48.19,12.84
459,Gat,0,SN,1561647630,66,14.69,-16.54,86.0,10.29
460,Vieste,20,IT,1561647630,36,41.88,16.18,93.2,13.87
461,Pauini,3,BR,1561647631,57,-7.71,-67.0,86.71,4.23
462,Garissa,91,KE,1561647631,48,-0.46,39.64,83.29,24.65
463,Ketchikan,1,US,1561647631,93,55.34,-131.65,59.0,5.91
464,Vardo,40,US,1561647631,55,39.62,-77.74,88.0,4.7
465,Pau,0,FR,1561647632,52,43.3,-0.37,93.2,9.17
466,The Valley,40,AI,1561647438,66,18.22,-63.06,84.2,19.46
467,Klaebu,75,NO,1561647632,81,63.3,10.48,54.0,18.34
468,Campinas,75,BR,1561647522,69,-22.91,-47.06,88.0,3.36
469,Mandera,0,ET,1561647633,36,3.94,41.86,89.41,19.37
470,Shu,93,KZ,1561647633,18,43.6,73.76,82.21,4.68
471,Port Blair,100,IN,1561647633,80,11.67,92.75,84.01,21.18
472,Kailua,75,US,1561647634,83,21.39,-157.74,80.6,5.82
473,Nome,75,US,1561647634,83,30.04,-94.42,86.0,4.7
474,Rovaniemi,0,FI,1561647634,50,66.5,25.72,57.2,14.99
475,Mansa,75,IN,1561647634,59,23.43,72.66,91.4,9.17
476,Hermanus,0,ZA,1561647635,56,-34.42,19.24,60.01,13.0
477,San Felipe,100,CL,1561647611,99,-32.75,-70.73,48.99,2.75
478,East London,0,ZA,1561647635,46,-33.02,27.91,69.8,10.29
479,Rabaul,74,PG,1561647635,76,-4.2,152.17,81.49,8.39
480,Haines Junction,0,CA,1561647636,68,60.75,-137.51,54.49,2.46
481,Cabra,0,ES,1561647636,36,37.47,-4.43,96.8,8.05
482,Coahuayana,100,MX,1561647636,70,18.62,-100.35,80.77,1.07
483,Sambava,13,MG,1561647636,81,-14.27,50.17,70.87,2.95
484,Saint-Joseph,0,FR,1561647637,49,43.56,6.97,100.99,8.05
485,Dalnerechensk,97,RU,1561647637,97,45.93,133.72,57.37,7.31
486,Chumikan,0,RU,1561647637,57,54.72,135.31,52.69,8.81
487,Tuatapere,100,NZ,1561647637,91,-46.13,167.69,44.01,3.0
488,Ozinki,100,RU,1561647638,58,51.2,49.73,69.07,4.43
489,Beringovskiy,33,RU,1561647638,89,63.05,179.32,43.15,3.87
490,Tiznit,17,MA,1561647638,84,29.7,-9.73,67.63,17.34
491,Provideniya,100,RU,1561647639,97,64.42,-173.23,46.39,2.28
492,Sur,0,OM,1561647639,46,22.57,59.53,93.73,11.97
493,Flin Flon,40,CA,1561647639,77,54.77,-101.88,62.6,4.7
494,Yaguajay,25,CU,1561647639,67,22.33,-79.24,84.37,9.73
495,Komsomolskiy,97,RU,1561647640,66,67.55,63.78,56.65,10.36
496,Avarua,97,CK,1561647640,78,-21.21,-159.78,71.6,6.93
497,Kindu,91,CD,1561647640,84,-2.95,25.92,75.01,3.56
498,Mokhsogollokh,0,RU,1561647641,60,61.4,128.95,57.91,4.05
499,Emerald,75,AU,1561647641,82,-23.53,148.16,61.0,5.82
500,Port Macquarie,75,AU,1561647641,100,-31.43,152.91,57.2,5.82
501,Huittinen,0,FI,1561647642,51,61.18,22.7,63.0,13.87
502,Kemlya,98,RU,1561647642,76,54.69,45.24,62.95,8.52
503,Arraial do Cabo,20,BR,1561647535,83,-22.97,-42.02,78.8,10.29
504,Broadstairs,40,GB,1561647642,68,51.36,1.44,66.99,17.22
505,Panji,100,CN,1561647642,58,32.78,116.82,81.67,6.53
506,Surgut,75,RU,1561647643,71,61.25,73.4,51.8,11.18
507,Ponta Delgada,20,PT,1561647643,60,37.73,-25.67,68.0,11.41
508,Mount Pleasant,90,US,1561647643,83,33.16,-94.97,82.0,3.67
509,Albany,1,US,1561647365,57,42.65,-73.75,82.0,4.7
510,La Sarre,51,CA,1561647643,49,48.8,-79.2,71.23,9.82
511,Tasiilaq,90,GL,1561647644,81,65.61,-37.64,44.6,3.36
512,Bredasdorp,33,ZA,1561647644,23,-34.53,20.04,77.0,3.36
513,Nabire,100,ID,1561647644,99,-3.36,135.5,70.69,3.09
514,Klaksvik,100,FO,1561647645,100,62.23,-6.59,51.8,10.29
515,Kodinsk,11,RU,1561647645,49,58.6,99.18,68.71,3.74
516,Clyde River,75,CA,1561647645,75,70.47,-68.59,42.8,16.11
517,Batagay-Alyta,68,RU,1561647646,61,67.8,130.41,55.75,4.59
518,Wuan,79,CN,1561647646,63,31.68,112.0,84.19,8.03
519,Oranjemund,0,ZA,1561647646,84,-28.55,16.43,55.03,13.96
520,Longyearbyen,75,NO,1561647646,80,78.22,15.63,39.2,8.05
521,Mufumbwe,0,ZM,1561647646,28,-13.68,24.8,77.17,4.25
522,Umm Kaddadah,16,SD,1561647647,20,13.6,26.69,98.59,3.69
523,Itoman,75,JP,1561647647,94,26.12,127.67,80.6,9.17
524,Hami,0,CN,1561647647,13,42.84,93.51,79.15,7.27
525,Norman Wells,40,CA,1561647647,66,65.28,-126.83,53.6,6.93
526,La Asuncion,75,AR,1561647648,18,-26.05,-65.39,67.45,2.42
527,Rundu,0,NA,1561647648,14,-17.91,19.77,78.8,2.24
528,Busselton,67,AU,1561647648,98,-33.64,115.35,46.0,25.08
529,Ancud,90,CL,1561647648,93,-41.87,-73.83,39.2,8.05
530,Georgetown,75,GY,1561647649,78,6.8,-58.16,80.6,4.7
531,Port Hedland,40,AU,1561647649,100,-20.31,118.58,57.2,6.4
532,Mayumba,0,GA,1561647649,80,-3.44,10.65,73.93,11.74
533,Jacareacanga,11,BR,1561647649,46,-6.22,-57.76,88.51,5.95
534,Isangel,100,VU,1561647650,83,-19.55,169.27,75.55,9.24
535,Rudnogorsk,0,RU,1561647650,51,57.27,103.75,67.27,7.27
536,Lima,90,PE,1561647590,82,-12.06,-77.04,62.6,2.24
537,Luena,0,AO,1561647650,47,-11.78,19.91,80.6,4.7
538,Tocopilla,91,CL,1561647651,81,-22.09,-70.2,58.27,6.42
539,Vaini,75,IN,1561647651,88,15.34,74.49,73.4,13.87
540,Beira,75,ES,1561647651,88,43.2,-8.36,75.0,4.7
541,Phek,57,IN,1561647651,89,25.7,94.46,75.37,2.1
542,Muros,75,ES,1561647652,73,42.77,-9.06,75.99,6.93
543,Burgersdorp,0,ZA,1561647652,24,-30.99,26.32,61.33,20.89
544,Tongchuan,90,CN,1561647652,100,34.9,108.95,66.2,8.95
545,Hamilton,75,CA,1561647472,73,43.26,-79.87,84.0,3.36
546,Mar del Plata,100,AR,1561647653,45,-46.43,-67.52,34.15,10.22
